1,2,3,4,5
Arts and Humanities,American Studies,American Film Studies,French Linguistics,Medieval German Literature
Engineering,Classics,American Material Culture,French and Francophone Literature,Modern German Literature
Life Sciences,Comparative Literature,American Popular Culture,German Linguistics,
Physical Sciences & Mathematics,Educational Research,Ethnic Studies,German Literature,
Social and Behavioral Sciences,English Language and Literature,Ancient History (Greek and Roman through Late Antiquity),Latin American Literature,
,"Feminist, Gender, and Sexuality Studies",Ancient Philosophy,Portuguese Literature,
,Film Studies,Byzantine and Modern Greek,Spanish Linguistics,
,History,Classical Archaeology and Art History,Spanish Literature,
,"History of Art, Architecture and Archaeology",Classical Literature and Philology,Protestant Theology,
,"Language, Societies, and Cultures",Indo-European Linguistics and Philology,Roman Catholic Theology,
,Literary Studies,Education Systems and Educational Institutions,,
,Musicology,"Educational Research on Socialization, Welfare and Professionalism Research",,
,Philosophy,General Education and History of Education,,
,"Race, Ethnicity and post-Colonial Studies",General and Domain-Specific Teaching and Learning,,
,Religion,"Feminist, Gender and Sexuality Studies",,
,Rhetoric and Composition,"Literature in English, Anglophone (other than British Isles and North America)",,
,Theatre and Performance Studies,"Literature in English, British Isles",,
,Aerospace Engineering,"Literature in English, North America (other than ethnic and minority)",,
,Biomedical Engineering and Bioengineering,"Literature in English, North America, ethnic and minority",,
,,Rhetoric and Composition,,
,,African,,
,,Asian,,
,,Cultural History,,
,,Diplomatic History,,
,,Early Modern History,,
,,European,,
,,Gender,,
,,History of Religion,,
,,"History of Science, Technology, and Medicine",,
,,Intellectual History,,
,,Islamic World/Near East,,
,,Latin American,,
,,Legal,,
,,Medieval History,,
,,Military History,,
,,Modern and Current History,,
,,Political History,,
,,Social History,,
,,United States,,
,,Women’s History,,
,,American Art and Architecture,,
,,"Ancient, Medieval, Renaissance and Baroque Art and Architecture",,
,,Asian Art and Architecture,,
,,Contemporary Art,,
,,Modern Art and Architecture,,
,,Theory and Criticism,,
,,African Languages and Societies,,
,,East Asian Languages and Societies,,
,,Egyptology and Ancient Near Eastern Studies,,
,,European Languages and Societies (not elsewhere classified),,
,,Latin American Languages and Societies (not elsewhere classified,,
,,Near Eastern Languages and Societies,,
,,Slavic Languages and Societies,,
,,South and Southeast Asian Languages and Societies,,
,,American Literature,,
,,European Literature,,
,,French and Francophone Language and Literature,,
,,German Language and Literature,,
,,Spanish and Portuguese Language and Literature,,
,,Art History,,
,,Composition,,
,,Ethnomusicology,,
,,Music Theory,,
,,Musicology,,
,,Theatre and Media Studies,,
,,Continental Philosophy,,
,,Epistemology,,
,,Esthetics,,
,,Ethics and Political Philosophy,,
,,Feminist Philosophy,,
,,History of Philosophy,,
,,Logic and foundations of mathematics,,
,,Metaphysics,,
,,Philosophy of Language,,
,,Philosophy of Mind,,
,,Philosophy of Science,,
,,Practical Philosophy,,
,,Theoretical Philosophy,,
,,Biblical Studies,,
,,Comparative Methodologies and Theories,,
,,Ethics,,
,,History of Religions of Eastern Origins,,
,,History of Religions of Western Origin,,
,,Religious Thought/Theology/Philosophy of Religion,,
,,"Dramatic Literature, Criticism and Theory",,
,,Performance Studies,,
,,Playwriting,,
,,Theatre History,,
,,Aerodynamics and Fluid Mechanics,,
,,Aeronautical Vehicles,,
,,Astrodynamics,,
,,Multi-Vehicle Systems and Air Traffic Control,,
,,"Navigation, Guidance, Control and Dynamics",,
,,Propulsion and Power,,
,,Space Vehicles,,
,,Structures and Materials,,
,,Systems Engineering and Multidisciplinary Design Optimization,,
,,Bioelectrical and neuroengineering,,
,,Bioimaging and biomedical optics,,
,,Biological Engineering,,
,,Biomaterials,,
,,Biomechanics and biotransport,Subcellular Processes,
,,Biomedical devices and instrumentation,Tissues and Organs,
,,"Molecular, cellular, and tissue engineering",,
,Chemical Engineering,Systems and integrative engineering,,
,,Biochemical and Biomolecular Engineering,,
,,Catalysis and Reaction Engineering,,Technical Thermodynamics
,,Complex Fluids,,Hydraulic and Turbo Engines and Piston Engines
,,Membrane Science,,Fluid Mechanics
,,Petroleum Engineering,,Energy Process Engineering
,,Polymer Science,,
,,Process Control and Systems,,
,,Thermodynamics,"Fluid Mechanics, Technical Thermodynamics and Thermal Energy Engineering",
,Civil and Environmental Engineering,Transport Phenomena,,
,,"Applied Mechanics, Statics and Dynamics",,
,,"Architecture, Building and Construction History, Construction Research, Sustainable Building Technology",,
,,Civil Engineering,,
,,Construction Engineering/management,,
,,"Construction Material Sciences, Chemistry, Building Physics",,
,,Environmental Engineering,,
,,Geotechnical Engineering,,
,,"Geotechnics, Hydraulic Engineering",,
,,Structural Engineering,,
,,"Structural Engineering, Building Informatics and Construction Operation",,
,Computational Engineering,"Urbanism, Spatial Planning, Transportation and Infrastructure Planning, Landscape Planning",,
,Computer Engineering,Computer and Systems Architecture,,
,Electrical Engineering and Information Technology,Data Storage Systems,,
,,Digital Circuits,,
,,Digital Communications and Networking,,
,,Hardware Systems,,
,,Robotics,,
,,"Communications, High-Frequency and Network Technology, Theoretical Electrical Engineering",,
,,"Electrical Energy Generation, Distribution, Application",,
,Electrical and Computer Engineering,"Electronic Semiconductors, Components, Circuits, Systems",,
,,Biomedical,,
,,Computer Engineering,,
,,Controls and Control Theory,,
,,Electrical and Electronics,,
,,Electromagnetics and photonics,,
,,Electronic Devices and Semiconductor Manufacturing,,
,,Nanotechnology fabrication,,
,,Power and Energy,,
,,Signal Processing,,
,,Systems and Communications,,
,Energy Process Engineering,VLSI and circuits: Embedded/Hardware Systems,,
,Engineering Science and Materials (not elsewhere classified),Engineering Mechanics,,
,Information Science,Mechanics of Materials,,
,Materials Engineering,Non-linear Dynamics,,
,Materials Science and Engineering,Coating and Surface Technology,,
,Information science,"Glass, Ceramics and Derived Composites",,
,,Materials in Sintering Processes and Generative Manufacturing Processes,,
,,Mechanical Properties of Metallic Materials and their Microstructural Origins,,
,,Biology and Biomimetic Materials,,
,,"Metallurgical, Thermal and Thermomechanical Treatment of Materials",,
,,Biomaterials,,
,,Ceramic Materials,,
,,Computer-Aided Design of Materials and Simulation of Materials Behaviour from Atomic to Microscopic Scale,,
,,Metallurgy,,
,,Polymer and Organic Materials,,
,,Semiconductor and Optical Materials,,
,,Structural Materials,,
,,Synthesis and Properties of Functional Materials,,
,,Thermodynamics and Kinetics as well as Properties of Phases and Microstructure of Materials,,
,Mechanical Engineering,"Acoustics, Dynamics, and Controls",,
,,Applied Mechanics,,
,,Biomechanical Engineering,,
,,Computer-Aided Engineering and Design,,
,,Electro-Mechanical Systems,,
,,Energy Systems,,
,,"Engineering Design, Machine Elements, Product Development",,
,,"Heat Transfer, Combustion",,
,,"Lightweight Construction, Textile Technology",,
,,Manufacturing,,
,,Mechanics,,
,,Mechanics and Constructive Mechanical Engineering,,
,,Ocean Engineering,,
,Nanoscience and Nanotechnology,Tribology,,
,Nuclear Engineering,Ergonomics,"Traffic and Transport Systems, Intelligent and Automated Traffic",
,"Operations Research, Systems Engineering and Industrial Engineering",Industrial Engineering,Microsystems,
,Plastics Engineering,Operational Research,Measurement Systems,
,Production Technology,Systems Engineering,"Automation, Control Systems, Robotics, Mechatronics, Cyber Physical Systems",
,,Joining and Separation Technology,Biomedical Systems Technology,
,,Metal-Cutting and Abrasive Manufacturing Engineering,"Human Factors, Ergonomics, Human-Machine Systems",
,,Plastics Engineering,Animal Physiology and Biochemistry,
,,"Primary Shaping and Reshaping Technology, Additive Manufacturing","Ecology and Biodiversity of Animals and Ecosystems, Organismic Interactions",
,,Production Automation,"Evolution, Anthropology",
,,"Production Systems, Operations Management, Quality Management and Factory Planning",Sensory and Behavioural Biology,
,"Agriculture, Forestry and Veterinary Medicine","Agricultural Economics, Agricultural Policy, Agricultural Sociology",Systematics and Morphology (Zoology),
,Animal Sciences,"Animal Breeding, Animal Nutrition, Animal Husbandry",Biomolecules,
,,Ecology of Land Use,,
,,"Plant Cultivation, Plant Nutrition, Agricultural Technology",,
,,Veterinary Medical Sciene,,
,,Animal Sciences,,
,,Aquaculture and Fisheries,,
,,Dairy Science,,
,,Poultry (or Avian) Science,,
,"Biochemistry, Biophysics, and Structural Biology",Zoology,,
,,Biochemistry,,
,,Biogeochemistry,,
,,Biophysics,,
,,Molecular Biology,,
,Bioinformatics,Structural Biology,,
,Biology/Integrated Biology/ Integrated Biomedical Sciences,,,
,,Biomechanics,,
,,Exercise Physiology,,
,,Motor Control,,
,,Other Quantitative Biology,,
,,Psychology of Movement,,
,Biotechnology,Quantitative Methods),,
,Cell and Developmental Biology,Anatomy,,
,,Cancer Biology,Cell Behavior,
,,Cell Biology,,
,,Developmental Biology,,
,Ecology and Evolutionary Biology,Behavior and Ethology,,
,,Biogeochemistry,,
,,Botany,,
,,Evolution,,
,,Population Biology,,
,Entomology Food Science,Terrestrial and Aquatic Ecology,,
,,Food Biotechnology,,
,,Food Chemistry,,
,,Food Microbiology,,
,,Food Processing,,
,Forestry and Forest Sciences,Forest Biology,,
,,Forest Management,,
,,Wood Science and Pulp/Paper Technology,,
,Genetics and Genomics,Computational Biology,,
,,Genetics,,
,,Genomics,,
,Immunology and Infectious Disease,Molecular genetics,,
,,Immunity,,
,,Immunology of Infectious Disease,,
,,Immunopathology,,
,,Immunoprophylaxis and Therapy,,
,,Parasitology,,
,Medicine,Anaesthesiology,,
,,Biogerontology and Geriatric Medicine,,
,,Cardiac and Vascular Sugery,,
,,"Cardiology, Angiology",,
,,Clinical Immunology and Allergology,,
,,Clinical Infectiology and Tropical Medicine,,
,,"Dentistry, Oral Surgery",,
,,Dermatology,,
,,Epidemiology and Medical Biometry/Statistics,,
,,Gastroenterology,,
,,General and Visceral Surgery,,
,,Gynaecology and Obstetrics,,
,,"Hematology, Oncology",,
,,Human Genetics,,
,,Medical Informatics and Medical Bioinformatics,,
,,"Medical Physics, Biomedical Technology",,
,,Nephrology,,
,,Nutritional Sciences,,
,,"Orthopaedics, Traumatology, Reconstructive Surgery",,
,,Otolaryngology,,
,,Pediatric and Adolescent Medicine,,
,,Pharmacy,,
,,"Pneumology, Thoracic Surgery",,
,,"Public Health, Health Services Research, Social Medicine",,
,,"Radiology, Nuclear Medicine, Radiotherapy, Radiobiology",,
,,"Reproductive Medicine, Urology",,
,,Rheumatology,,
,Microbiology,Bacteriology,,
,,Environmental Microbiology and Microbial Ecology,,
,,"Medical Microbiology and Mycology, Hygiene, Molecular Infection Biology",,
,,"Metabolism, Biochemistry and Genetics of Microorganisms",,
,,Microbial Ecology and Applied Microbiology,,
,,Microbial Physiology,,
,,Pathogenic Microbiology,,
,Neuroscience and Neurobiology,Virology,,
,,Behavioral Neurobiology,,
,,Biological Psychiatry,,
,,Clinical Neurology; Neurosurgery and Neuroradiology,,
,,"Clinical Psychiatry, Psychotherapy, Child and Adolescent Psychiatry",,
,,Cognitive Neuroscience,Communication Neuroscience,
,,Computational Neuroscience,,
,,Developmental Neurobiology,,
,,Developmental Neuroscience,,
,,Experimental Models for the Understanding of Nervous System Diseases,,
,,Experimental and Theoretical Network Neuroscience,,
,,Molecular and Cellular Neurology and Neuropathology,,
,,Molecular and Cellular Neuroscience,,
,,Ophthalmology,,
,,Systems Neuroscience,,
,"Nursing Pharmacology, Toxicology and Environmental Health",Environmental Health,,
,,Medicinal Chemistry and Pharmaceutics,,
,,Pharmacology,,
,,Toxicology,,
,Nutrition,Comparative Nutrition,,
,,Human and Clinical Nutrition,,
,,International and Community Nutrition,,
,,"Molecular, Genetic, and Biochemical Nutrition",,
,,Nutritional Epidemiology,,
,Physiology,Cellular and Molecular Physiology,,
,,Comparative and Evolutionary Physiology,,
,,Endocrinology,,
,,Exercise Physiology,,
,,Systems and Integrative Physiology,,
,Plant Sciences,Agronomy and Crop Sciences,,
,,Botany,,
,,Ecology and Biodiversity of Plants and Ecosystems,,
,,Evolution and Systematics of Plants and Fungi,,
,,Horticulture,,
,,"Organismic Interactions, Chemical Ecology and Microbiomes of Plant Systems",,
,,Plant Biochemistry and Biophysics,,
,,Plant Biology,,
,,Plant Breeding and Genetics,,
,,Plant Cell and Developmental Biology,,
,,Plant Genetics,,
,,Plant Pathology,,
,,Plant Physiology,,
,Public Health,Biostatistics,,
,,Environmental Health,,
,Systems Biology,Epidemiology,,
,Applied Mathematics,Control Theory,,
,,Dynamic Systems,,
,,Non-linear Dynamics,,
,,Numerical Analysis and Computation,,
,,Ordinary Differential Equations and Applied Dynamics,,
,,Partial Differential Equations,,
,Astrophysics and Astronomy,Cosmology,,
,,External Galaxies,,
,,Instrumentation,,
,,Physical Processes,,
,,Planetary Sciences,,
,,"Stars, Interstellar Medium and the Galaxy",,
,,The Sun and the Solar System,,
,Chemical Solid State and Surface Research,"Physical Chemistry of Solids and Surfaces, Material Characterisation",,
,,"Solid State and Surface Chemistry, Material Synthesis",,
,Chemistry,Analytical Chemistry,Food Chemistry,
,,Biochemistry,Biological and Biomimetic Chemistry,
,,Biological Chemistry and Food Chemistry,,
,,Environmental Chemistry,,
,,Inorganic Chemistry,,
,,Materials Chemistry,,
,,Medicinal-Pharmaceutical Chemistry,Inorganic Molecular Chemistry - Synthesis and Characterisation,
,,Molecular Chemistry,Organic Molecular Chemistry - Synthesis and Characterisation,
,,Organic Chemistry,"Physical Chemistry of Molecules, Liquids and Interfaces, Biophysical Chemistry",
,,Physical Chemistry,Biological Process Engineering,
,,Polymer Chemistry,Chemical and Thermal Process Engineering,
,,"Process Engineering, Technical Chemistry",Mechanical Process Engineering,
,,"Solid State and Surface Chemistry, Material Synthesis",Technical Chemistry,
,,Theoretical Chemistry,"Theoretical Chemistry: Electron Structure, Dynamics, Simulation",
,Computer Sciences,Artificial Intelligence,"Theoretical Chemistry: Molecules, Materials, Surfaces",
,,Computer Architecture and Embedded Systems,Audio and Speech Processing,
,,Computer Science General Literature,Image and Video Processing,
,,Computer Science and Game Theory,Machine Learning,
,,Computer Vision and Pattern Recognition,Learner-Interface Interaction,
,,Computer and Systems Architecture,Multiagent Systems,
,,Computers and Society,Natural Language Processing,
,,Cryptography and Security,Neural and Evolutionary Computing,
,,Databases/Information Systems,Digital Libraries,
,,Graphics,Semantic Web,
,,Human Computer Interfaces,The Semantic Web,
,,"Information Systems, Process and Knowledge Management",,
,,"Interactive and Intelligent Systems, Image and Language Processing, Computer Graphics and Visualisation",,
,,Massively Parallel and Data-Intensive Systems,,
,,Numerical Analysis/Scientific Computing,Networking and Internet Architecture,
,,OS/Networks,Operating Systems,
,,"Operating, Communication, Database and Distributed Systems",Requirements Engineering,
,,Programming Languages/Compilers,,
,,Software Engineering,,
,,Security and Dependability,Computational Complexity,
,,Software Engineering and Programming Languages,Computational Geometry,
,,Theoretical Computer Science,Information Theory,
,,Theory/Algorithms,Logic in Computer Science,
,Earth Sciences,Biogeochemistry,,
,,Cosmochemistry,,
,,Environmental Sciences,,
,,Geology,,
,,Geochemistry,Geophysics,
,,Geophysics and Seismology,,
,,Glaciology,,
,,Mineral Physics,,
,,Paleobiology,,
,,Paleontology,,
,,Soil Science,,
,,Tectonics and Structure,,
,,Vulcanology,Commutative Algebra,
,Mathematics,Algebra,Quantum Algebra,
,,Algebraic Geometry,,
,,Analysis,,
,,Category Theory,,
,,Complex Variables,Algebraic Topology,
,,Discrete Mathematics and Combinatorics,Differential Geometry,
,,Dynamics/Dynamical Systems,General Topology,
,,Geometry and Topology,Metric Geometry,
,,Harmonic Analysis and Representation,Symplectic Geometry,
,,Logic and Foundations,,
,,Mathematical Software,,
,,Mathematics History and Overview,,
,,Number Theory,,
,,Set Theory,,
,"Mineralogy, Petrology and Geochemistry",Atmospheric Sciences,,
,Oceanography and Atmospheric Sciences and Meteorology,Climate,,
,,Fresh Water Studies,,
,,Meteorology,,
,,Oceanography,,
,"Optics, Quantum Optics and Physics of Atoms, Molecules and Plasmas",,,
,"Particles, Nuclei and Fields","Nuclear and Elementary Particle Physics, Quantum Mechanics, Relativity, Fields",,
,Physics,Accelerator Physics,,
,,Applied Physics,Atomic Physics,
,,"Atomic, Molecular and Optical Physics",Atomic and Molecular Clusters,
,,Biological and Chemical Physics,Disordered Systems and Neural Networks,
,,Classical Physics,Experimental Condensed Matter Physics,
,,Computational Physics,Mesoscale and Nanoscale Physics,
,,Condensed Matter Physics,Soft Condensed Matter,
,,"Cosmology, Relativity, and Gravity",Theoretical Condensed Matter Physics,
,,"Data Analysis, Statistics and Probability","Geodesy, Photogrammetry, Remote Sensing, Geoinformatics, Cartography",
,,Elementary Particles and Fields and String Theory,Geophysics,
,,Engineering Physics,Adaptation and Self-Organizing Systems,
,,Fluid Dynamics,Cellular Automata and Lattice Gases,
,,General Physics,Chaotic Dynamics,
,,Geophysics and Geodesy,Exactly Solvable and Integrable Systems,
,,History and Philosophy of Physics,Nuclear Experiment,
,,Medical Physics,Nuclear Theory,
,,Non-linear Dynamics,Pattern Formation and Solitons,
,,Nonlinear Sciences,,
,,Nuclear,,
,,Nuclear Experiment,Quantum Gases,
,,Optics,,
,,Physics Education,,
,,Plasma and Beam Physics,,
,,Popular Physics,,
,,Quantum Physics,,
,Polymer Research,Space Physics,,
,,Experimental and Theoretical Physics of Polymers,,
,,Polymer Materials,,
,"Statistical Physics, Soft Matter, Biological Physics, Nonlinear Dynamics",Preparatory and Physical Chemistry of Polymers,,
,Statistics and Probability,Applied Statistics,,
,,Biometry,,
,,Biostatistics,,
,,"Data Analysis, Statistics and Probability",,
,,Other Statistics,,
,,Probability,,
,,Statistical Methodology,,
,,Statistical Theory,,
,Water Research,"Hydrogeology, Hydrology, Limnology, Urban Water Management, Water Chemistry, Integrated Water Resources Management",,
,Agricultural and Resource Economics,Broadcast/Video Studies,,
,Communication Sciences,Communication Neuroscience,,
,,Communication Technology and New Media,,
,,Critical and Cultural Studies,,
,,"Gender, Race, Sexuality, and Ethnicity in Communication",,
,,Health Communication,,
,,International and Intercultural Communication,,
,,Interpersonal/Small Group Communication,,
,,Journalism Studies,,
,,Mass Communication,,
,,Organizational Communication,,
,,Public Relations/Advertising,,
,,Social Influence and Political Communication,,
,,Speech and Rhetorical Studies,,
,Economics,Behavioral Economics,,
,,Business Administration,,
,,Econometrics,,
,,Economic History,,
,,"Economic Policy, Applied Economics",,
,,Economic Theory,,
,,Growth and Development,,
,,International Economics,,
,,Industrial Organization,,
,,Labor Economics,,
,,Macroeconomics,,
,,Public Economics,,
,,Quantitative Finance,,
,Geography,Geographic Information Sciences,,
,,Human Geography,,
,,Nature and Society Relations,,
,,Physical and Environmental Geography,,
,Jurisprudence,Criminal Law,,
,,Criminology,,
,,Principles of Law and Jurisprudence,,
,,Private Law,,
,,Public Law,,
,Linguistics,Anthropological Linguistics/Sociolinguistics,,
,,Applied Linguistics,,
,,Comparative and Historical Linguistics,,
,,Computational Linguistics,,
,,Discourse/Text Linguistics,,
,,First/Second Language Acquisition,,
,,Individual Linguistics,,
,,Language Description/Documentation,,
,,Morphology,,
,,Phonetics/Phonology,,
,,Psycholinguistics/Neurolinguistics,,
,,Semantics/Pragmatics,,
,,Syntax,,
,,Typological Linguistics and Linguistic Diversity,,
,Political Science,American Politics,,
,,Comparative Politics,,
,,International Relations,,
,,Models and Methods,,
,,Political Theory,,
,Psychology,Biological Psychology,,
,,Cognition and Perception,,
,,Cognitive Psychology,,
,,Community Psychology,,
,,Developmental Psychology,,
,,Developmental and Educational Psychology,,
,,"Differential, Clinical and Medical Psychology, Methodology",,
,,"General, Cognitive and Mathematical Psychology",,
,,Health Psychology,,
,,Industrial and Organizational Psychology,,
,,Personality and Social Contexts,,
,,Social Psychology,,
,"Public Affairs, Public Policy and Public Administration",Public Administration,,
,,Public Affairs,,
,,Public Policy,,
,,Urban Studies,,
,Science and Technology Studies,Empirical Social Research,,
,Social Sciences,Sociological Theory,,
,Social and Cultural Anthropology and Ethnology,African Studies,,
,,American Studies,,
,,Archaeological,,
,,Asian Studies,,
,,Biological and Physical,,
,,"Islamic Studies, Arabian Studies, Semitic Studies",,
,,Linguistic Anthrolpology,,
,,Oceania Studies,,
,,Religious Studies and Jewish Studies,,
,Sociology,Social and Cultural,,
,,"Demography, Population, and Ecology",,
,,"Family, Life Course, and Society",,
,,Gender and Sexuality,,
,,Inequality and Stratification,,
,,Medicine and Health,,
,,"Methodologies : Quantitative, Qualitative, Comparative, and Historical",,
,,Physics and Society,,
,,Place and Environment,,
,,Politics and Social Change,,
,,Race and Ethnicity,,
,,Regional Sociology,,
,,Rural sociology,,
,,"Social Control, Law, Crime, and Deviance",,
,,Social Psychology and Interaction,,
,,Sociology of Culture,,
,,"Theory, Knowledge and Science",,
,Urban Studies and Planning,"Work, Economy and Organizations",,
,,Pathology,,
